Designator,Footprint,Quantity,Value,LCSC Part #
C1,0603,1,10nF,
"C10, C11, C13, C15, C16, C3, C5, C8",0603,8,0.1uf,
C14,0603,1,470pf,
"C2, C6",0603,2,4.7uf,
C4,0603,1,10uF,
"C7, C9",0603,2,18pF,
D1,0603,1,LED,
D2,D_SOD-323,1,1N4148WS,
J1,SolderJumper-2_P1.3mm_Open_RoundedPad1.0x1.5mm,1,DIS_SW,
J2,PinHeader_1x01_P2.54mm_Vertical,1,Conn_01x01_Male,
J3,PinHeader_1x02_P2.54mm_Vertical,1,BKP_BAT,
J4,PinHeader_1x04_P2.54mm_Vertical,1,UART,
J5,PinHeader_2x03_P1.27mm_Vertical,1,ICSP,
J6,PinHeader_1x02_P2.54mm_Vertical,1,S_PWR,
J7,PinHeader_1x02_P2.54mm_Vertical,1,SV Sense,
J8,PinHeader_1x02_P2.54mm_Vertical,1,PWR,
J9,PinHeader_1x02_P2.54mm_Vertical,1,V Sense,
"JP1, JP2",SolderJumper-3_P1.3mm_Open_RoundedPad1.0x1.5mm,2,Jumper_3_Open,
"JP3, JP4, JP5, JP6",SolderJumper-2_P1.3mm_Open_RoundedPad1.0x1.5mm,4,Jumper_2_Open,
L1,IND_VLS3015CX-220M-1,1,22uH,
"Q1, Q2",SOT95P240X115-3N,2,S8050,
"R1, R5",0603,2,5.9m,
R10,0603,1,150K,
R11,0603,1,4.7M,
R12,0603,1,18M,
R13,0805,1,4.7,
R14,0603,1,330R,
R15,0603,1,55.6K,
"R16, R18, R19, R22, R24, R25",0603,6,10k,
R17,0603,1,1k,
"R2, R6",0603,2,4.22M,
R20,0603,1,442k,
R21,0603,1,1.6K,
R23,0603,1,1M,
"R3, R7",0603,2,6.65M,
"R4, R9",0603,2,3.3M,
R8,0603,1,100K,
SC1,Solar Cell SM141K04LV-ND,1,Solar_Cell,
Super_Cap1,PB5R0H104R,1,C,
U1,LFCSP-24-1EP_4x4mm_P0.5mm_EP2.3x2.3mm,1,ADP5091,
U2,TQFP-32_7x7mm_P0.8mm,1,ATmega328P-A,
U3,SOIC-8_3.9x4.9mm_P1.27mm,1,TLC555C,
U4,HOPERF_RFM69HW,1,RFM69W,
Y1,Crystal_SMD_3225-4Pin_3.2x2.5mm_HandSoldering,1,16MHz,
